Article Key,Model 1,Model 2,Model 1 Mean Sentiment,Model 2 Mean Sentiment,Model 1 Variance,Model 2 Variance,Model 1 Mean Confidence,Model 2 Mean Confidence,Model 1 Time Taken,Model 2 Time Taken
63f711be,llama3_8b_instruct_fp16,llama3_8b_instruct_sentiment_analysis_fp16,0.37,0.17,0.02,0.01,0.84,0.67,10.74,11.8
63f711be,llama3_8b_instruct_q4_k_m,llama3_8b_instruct_sentiment_analysis_q4_k_m,0.44,0.33,0.04,0.01,0.85,0.78,4.73,5.41
63f711be,llama3_8b_instruct_q5_k_m,llama3_8b_instruct_sentiment_analysis_q5_k_m,0.41,0.36,0.01,0.02,0.84,0.77,6.63,6.72
63f711be,llama3_8b_instruct_q8_0,llama3_8b_instruct_sentiment_analysis_q8_0,0.47,0.18,0.01,0.01,0.84,0.66,7.4,8.1
63f711be,mistral_7b_instruct_fp16,llama3_8b_instruct_fp16,0.45,0.37,0.01,0.02,0.83,0.84,9.02,10.74
63f711be,mistral_7b_instruct_q4_k_m,llama3_8b_instruct_q4_k_m,0.44,0.44,0.01,0.04,0.83,0.85,5.76,4.73
63f711be,mistral_7b_instruct_q5_k_m,llama3_8b_instruct_q5_k_m,0.46,0.41,0.01,0.01,0.82,0.84,6.28,6.63
63f711be,mistral_7b_instruct_q8_0,llama3_8b_instruct_q8_0,0.5,0.47,0.0,0.01,0.81,0.84,6.01,7.4
63f711be,dolphin_mistral_7b_v2.8_fp16,mistral_7b_instruct_fp16,0.63,0.45,0.0,0.01,0.8,0.83,11.0,9.02
63f711be,dolphin_mistral_7b_v2.8_q4_k_m,mistral_7b_instruct_q4_k_m,0.65,0.44,0.0,0.01,0.82,0.83,5.31,5.76
63f711be,dolphin_mistral_7b_v2.8_q5_k_m,mistral_7b_instruct_q5_k_m,0.61,0.46,0.0,0.01,0.79,0.82,7.14,6.28
63f711be,dolphin_mistral_7b_v2.8_q8_0,mistral_7b_instruct_q8_0,0.62,0.5,0.0,0.0,0.81,0.81,7.17,6.01
63f711be,mistral_7b_sentiment_may_18_2024_1epoch_unsloth.f16,mistral_7b_instruct_fp16,0.28,0.45,0.02,0.01,0.75,0.83,13.29,9.02
63f711be,mistral_7b_sentiment_may_18_2024_1epoch_unsloth.q4_k_m,mistral_7b_instruct_q4_k_m,0.26,0.44,0.02,0.01,0.75,0.83,6.24,5.76
63f711be,mistral_7b_sentiment_may_18_2024_1epoch_unsloth.q5_k_m,mistral_7b_instruct_q5_k_m,0.28,0.46,0.02,0.01,0.75,0.82,7.69,6.28
63f711be,mistral_7b_sentiment_may_18_2024_1epoch_unsloth.q8,mistral_7b_instruct_q8_0,0.4,0.5,0.02,0.0,0.75,0.81,8.39,6.01
63f711be,mistral_7b_sentiment_may_18_2024_1epoch_unsloth.f16,llama3_8b_instruct_sentiment_analysis_fp16,0.28,0.17,0.02,0.01,0.75,0.67,13.29,11.8
63f711be,mistral_7b_sentiment_may_18_2024_1epoch_unsloth.q4_k_m,llama3_8b_instruct_sentiment_analysis_q4_k_m,0.26,0.33,0.02,0.01,0.75,0.78,6.24,5.41
63f711be,mistral_7b_sentiment_may_18_2024_1epoch_unsloth.q5_k_m,llama3_8b_instruct_sentiment_analysis_q5_k_m,0.28,0.36,0.02,0.02,0.75,0.77,7.69,6.72
63f711be,mistral_7b_sentiment_may_18_2024_1epoch_unsloth.q8,llama3_8b_instruct_sentiment_analysis_q8_0,0.4,0.18,0.02,0.01,0.75,0.66,8.39,8.1
1ed47412,llama3_8b_instruct_fp16,llama3_8b_instruct_sentiment_analysis_fp16,-0.09,-0.07,0.04,0.01,0.87,0.62,6.01,5.13
1ed47412,llama3_8b_instruct_q4_k_m,llama3_8b_instruct_sentiment_analysis_q4_k_m,0.0,-0.14,0.0,0.02,0.89,0.6,2.22,1.9
1ed47412,llama3_8b_instruct_q5_k_m,llama3_8b_instruct_sentiment_analysis_q5_k_m,-0.17,-0.03,0.05,0.02,0.91,0.62,3.07,2.46
1ed47412,llama3_8b_instruct_q8_0,llama3_8b_instruct_sentiment_analysis_q8_0,-0.17,-0.02,0.05,0.02,0.85,0.62,3.89,3.12
1ed47412,mistral_7b_instruct_fp16,llama3_8b_instruct_fp16,0.43,-0.09,0.08,0.04,0.82,0.87,8.52,6.01
1ed47412,mistral_7b_instruct_q4_k_m,llama3_8b_instruct_q4_k_m,0.34,0.0,0.09,0.0,0.81,0.89,2.94,2.22
1ed47412,mistral_7b_instruct_q5_k_m,llama3_8b_instruct_q5_k_m,0.33,-0.17,0.07,0.05,0.78,0.91,2.88,3.07
1ed47412,mistral_7b_instruct_q8_0,llama3_8b_instruct_q8_0,0.41,-0.17,0.1,0.05,0.85,0.85,4.06,3.89
1ed47412,dolphin_mistral_7b_v2.8_fp16,mistral_7b_instruct_fp16,0.11,0.43,0.05,0.08,0.96,0.82,6.53,8.52
1ed47412,dolphin_mistral_7b_v2.8_q4_k_m,mistral_7b_instruct_q4_k_m,0.26,0.34,0.05,0.09,0.87,0.81,2.5,2.94
1ed47412,dolphin_mistral_7b_v2.8_q5_k_m,mistral_7b_instruct_q5_k_m,0.25,0.33,0.11,0.07,0.95,0.78,3.27,2.88
1ed47412,dolphin_mistral_7b_v2.8_q8_0,mistral_7b_instruct_q8_0,0.34,0.41,0.1,0.1,0.92,0.85,3.91,4.06
1ed47412,mistral_7b_sentiment_may_18_2024_1epoch_unsloth.f16,mistral_7b_instruct_fp16,0.46,0.43,0.09,0.08,0.73,0.82,6.84,8.52
1ed47412,mistral_7b_sentiment_may_18_2024_1epoch_unsloth.q4_k_m,mistral_7b_instruct_q4_k_m,0.38,0.34,0.08,0.09,0.71,0.81,2.68,2.94
1ed47412,mistral_7b_sentiment_may_18_2024_1epoch_unsloth.q5_k_m,mistral_7b_instruct_q5_k_m,0.59,0.33,0.02,0.07,0.77,0.78,3.47,2.88
1ed47412,mistral_7b_sentiment_may_18_2024_1epoch_unsloth.q8,mistral_7b_instruct_q8_0,0.61,0.41,0.01,0.1,0.79,0.85,4.04,4.06
1ed47412,mistral_7b_sentiment_may_18_2024_1epoch_unsloth.f16,llama3_8b_instruct_sentiment_analysis_fp16,0.46,-0.07,0.09,0.01,0.73,0.62,6.84,5.13
1ed47412,mistral_7b_sentiment_may_18_2024_1epoch_unsloth.q4_k_m,llama3_8b_instruct_sentiment_analysis_q4_k_m,0.38,-0.14,0.08,0.02,0.71,0.6,2.68,1.9
1ed47412,mistral_7b_sentiment_may_18_2024_1epoch_unsloth.q5_k_m,llama3_8b_instruct_sentiment_analysis_q5_k_m,0.59,-0.03,0.02,0.02,0.77,0.62,3.47,2.46
1ed47412,mistral_7b_sentiment_may_18_2024_1epoch_unsloth.q8,llama3_8b_instruct_sentiment_analysis_q8_0,0.61,-0.02,0.01,0.02,0.79,0.62,4.04,3.12
5852d8b8,llama3_8b_instruct_fp16,llama3_8b_instruct_sentiment_analysis_fp16,-0.06,-0.41,0.04,0.0,0.71,0.76,7.77,6.53
5852d8b8,llama3_8b_instruct_q4_k_m,llama3_8b_instruct_sentiment_analysis_q4_k_m,-0.08,-0.53,0.05,0.01,0.75,0.8,2.97,2.3
5852d8b8,llama3_8b_instruct_q5_k_m,llama3_8b_instruct_sentiment_analysis_q5_k_m,-0.06,-0.4,0.03,0.0,0.72,0.76,3.79,3.27
5852d8b8,llama3_8b_instruct_q8_0,llama3_8b_instruct_sentiment_analysis_q8_0,0.0,-0.4,0.03,0.0,0.72,0.76,4.55,3.84
5852d8b8,mistral_7b_instruct_fp16,llama3_8b_instruct_fp16,-0.28,-0.06,0.01,0.04,0.85,0.71,7.55,7.77
5852d8b8,mistral_7b_instruct_q4_k_m,llama3_8b_instruct_q4_k_m,-0.26,-0.08,0.02,0.05,0.81,0.75,2.93,2.97
5852d8b8,mistral_7b_instruct_q5_k_m,llama3_8b_instruct_q5_k_m,-0.14,-0.06,0.06,0.03,0.83,0.72,3.86,3.79
5852d8b8,mistral_7b_instruct_q8_0,llama3_8b_instruct_q8_0,-0.09,0.0,0.06,0.03,0.82,0.72,4.41,4.55
5852d8b8,dolphin_mistral_7b_v2.8_fp16,mistral_7b_instruct_fp16,-0.03,-0.28,0.05,0.01,0.69,0.85,7.09,7.55
5852d8b8,dolphin_mistral_7b_v2.8_q4_k_m,mistral_7b_instruct_q4_k_m,0.26,-0.26,0.06,0.02,0.88,0.81,2.74,2.93
5852d8b8,dolphin_mistral_7b_v2.8_q5_k_m,mistral_7b_instruct_q5_k_m,-0.01,-0.14,0.03,0.06,0.74,0.83,3.73,3.86
5852d8b8,dolphin_mistral_7b_v2.8_q8_0,mistral_7b_instruct_q8_0,-0.04,-0.09,0.04,0.06,0.78,0.82,4.1,4.41
5852d8b8,mistral_7b_sentiment_may_18_2024_1epoch_unsloth.f16,mistral_7b_instruct_fp16,-0.5,-0.28,0.01,0.01,0.77,0.85,5.99,7.55
5852d8b8,mistral_7b_sentiment_may_18_2024_1epoch_unsloth.q4_k_m,mistral_7b_instruct_q4_k_m,-0.57,-0.26,0.01,0.02,0.81,0.81,2.64,2.93
5852d8b8,mistral_7b_sentiment_may_18_2024_1epoch_unsloth.q5_k_m,mistral_7b_instruct_q5_k_m,-0.51,-0.14,0.01,0.06,0.8,0.83,3.14,3.86
5852d8b8,mistral_7b_sentiment_may_18_2024_1epoch_unsloth.q8,mistral_7b_instruct_q8_0,-0.49,-0.09,0.01,0.06,0.79,0.82,3.6,4.41
5852d8b8,mistral_7b_sentiment_may_18_2024_1epoch_unsloth.f16,llama3_8b_instruct_sentiment_analysis_fp16,-0.5,-0.41,0.01,0.0,0.77,0.76,5.99,6.53
5852d8b8,mistral_7b_sentiment_may_18_2024_1epoch_unsloth.q4_k_m,llama3_8b_instruct_sentiment_analysis_q4_k_m,-0.57,-0.53,0.01,0.01,0.81,0.8,2.64,2.3
5852d8b8,mistral_7b_sentiment_may_18_2024_1epoch_unsloth.q5_k_m,llama3_8b_instruct_sentiment_analysis_q5_k_m,-0.51,-0.4,0.01,0.0,0.8,0.76,3.14,3.27
5852d8b8,mistral_7b_sentiment_may_18_2024_1epoch_unsloth.q8,llama3_8b_instruct_sentiment_analysis_q8_0,-0.49,-0.4,0.01,0.0,0.79,0.76,3.6,3.84
6f5003f2,llama3_8b_instruct_fp16,llama3_8b_instruct_sentiment_analysis_fp16,0.48,0.5,0.09,0.07,0.84,0.82,8.34,8.47
6f5003f2,llama3_8b_instruct_q4_k_m,llama3_8b_instruct_sentiment_analysis_q4_k_m,0.62,0.56,0.02,0.06,0.85,0.81,4.02,4.02
6f5003f2,llama3_8b_instruct_q5_k_m,llama3_8b_instruct_sentiment_analysis_q5_k_m,0.51,0.56,0.07,0.05,0.84,0.81,4.54,4.6
6f5003f2,llama3_8b_instruct_q8_0,llama3_8b_instruct_sentiment_analysis_q8_0,0.49,0.61,0.08,0.03,0.84,0.84,5.14,5.55
6f5003f2,mistral_7b_instruct_fp16,llama3_8b_instruct_fp16,0.62,0.48,0.01,0.09,0.9,0.84,7.42,8.34
6f5003f2,mistral_7b_instruct_q4_k_m,llama3_8b_instruct_q4_k_m,0.56,0.62,0.0,0.02,0.91,0.85,3.5,4.02
6f5003f2,mistral_7b_instruct_q5_k_m,llama3_8b_instruct_q5_k_m,0.65,0.51,0.02,0.07,0.9,0.84,4.31,4.54
6f5003f2,mistral_7b_instruct_q8_0,llama3_8b_instruct_q8_0,0.57,0.49,0.0,0.08,0.88,0.84,4.77,5.14
6f5003f2,dolphin_mistral_7b_v2.8_fp16,mistral_7b_instruct_fp16,0.78,0.62,0.0,0.01,0.88,0.9,8.82,7.42
6f5003f2,dolphin_mistral_7b_v2.8_q4_k_m,mistral_7b_instruct_q4_k_m,0.73,0.56,0.0,0.0,0.85,0.91,3.89,3.5
6f5003f2,dolphin_mistral_7b_v2.8_q5_k_m,mistral_7b_instruct_q5_k_m,0.71,0.65,0.0,0.02,0.81,0.9,5.08,4.31
6f5003f2,dolphin_mistral_7b_v2.8_q8_0,mistral_7b_instruct_q8_0,0.71,0.57,0.0,0.0,0.85,0.88,5.78,4.77
6f5003f2,mistral_7b_sentiment_may_18_2024_1epoch_unsloth.f16,mistral_7b_instruct_fp16,0.17,0.62,0.02,0.01,0.63,0.9,9.15,7.42
6f5003f2,mistral_7b_sentiment_may_18_2024_1epoch_unsloth.q4_k_m,mistral_7b_instruct_q4_k_m,0.23,0.56,0.03,0.0,0.65,0.91,3.97,3.5
6f5003f2,mistral_7b_sentiment_may_18_2024_1epoch_unsloth.q5_k_m,mistral_7b_instruct_q5_k_m,0.19,0.65,0.02,0.02,0.66,0.9,5.24,4.31
6f5003f2,mistral_7b_sentiment_may_18_2024_1epoch_unsloth.q8,mistral_7b_instruct_q8_0,0.28,0.57,0.04,0.0,0.65,0.88,5.73,4.77
6f5003f2,mistral_7b_sentiment_may_18_2024_1epoch_unsloth.f16,llama3_8b_instruct_sentiment_analysis_fp16,0.17,0.5,0.02,0.07,0.63,0.82,9.15,8.47
6f5003f2,mistral_7b_sentiment_may_18_2024_1epoch_unsloth.q4_k_m,llama3_8b_instruct_sentiment_analysis_q4_k_m,0.23,0.56,0.03,0.06,0.65,0.81,3.97,4.02
6f5003f2,mistral_7b_sentiment_may_18_2024_1epoch_unsloth.q5_k_m,llama3_8b_instruct_sentiment_analysis_q5_k_m,0.19,0.56,0.02,0.05,0.66,0.81,5.24,4.6
6f5003f2,mistral_7b_sentiment_may_18_2024_1epoch_unsloth.q8,llama3_8b_instruct_sentiment_analysis_q8_0,0.28,0.61,0.04,0.03,0.65,0.84,5.73,5.55
7be9fbd1,llama3_8b_instruct_fp16,llama3_8b_instruct_sentiment_analysis_fp16,0.37,0.51,0.09,0.03,0.84,0.77,8.97,9.4
7be9fbd1,llama3_8b_instruct_q4_k_m,llama3_8b_instruct_sentiment_analysis_q4_k_m,0.57,0.6,0.1,0.0,0.86,0.8,4.49,4.4
7be9fbd1,llama3_8b_instruct_q5_k_m,llama3_8b_instruct_sentiment_analysis_q5_k_m,0.57,0.53,0.04,0.01,0.86,0.78,4.88,5.46
7be9fbd1,llama3_8b_instruct_q8_0,llama3_8b_instruct_sentiment_analysis_q8_0,0.44,0.52,0.06,0.02,0.83,0.79,5.36,6.41
7be9fbd1,mistral_7b_instruct_fp16,llama3_8b_instruct_fp16,0.58,0.37,0.01,0.09,0.87,0.84,10.87,8.97
7be9fbd1,mistral_7b_instruct_q4_k_m,llama3_8b_instruct_q4_k_m,0.67,0.57,0.0,0.1,0.93,0.86,4.72,4.49
7be9fbd1,mistral_7b_instruct_q5_k_m,llama3_8b_instruct_q5_k_m,0.65,0.57,0.01,0.04,0.9,0.86,5.33,4.88
7be9fbd1,mistral_7b_instruct_q8_0,llama3_8b_instruct_q8_0,0.59,0.44,0.01,0.06,0.86,0.83,6.32,5.36
7be9fbd1,dolphin_mistral_7b_v2.8_fp16,mistral_7b_instruct_fp16,0.75,0.58,0.0,0.01,0.89,0.87,10.12,10.87
7be9fbd1,dolphin_mistral_7b_v2.8_q4_k_m,mistral_7b_instruct_q4_k_m,0.77,0.67,0.0,0.0,0.9,0.93,4.61,4.72
7be9fbd1,dolphin_mistral_7b_v2.8_q5_k_m,mistral_7b_instruct_q5_k_m,0.75,0.65,0.0,0.01,0.89,0.9,6.06,5.33
7be9fbd1,dolphin_mistral_7b_v2.8_q8_0,mistral_7b_instruct_q8_0,0.76,0.59,0.0,0.01,0.9,0.86,6.28,6.32
7be9fbd1,mistral_7b_sentiment_may_18_2024_1epoch_unsloth.f16,mistral_7b_instruct_fp16,0.61,0.58,0.0,0.01,0.81,0.87,11.43,10.87
7be9fbd1,mistral_7b_sentiment_may_18_2024_1epoch_unsloth.q4_k_m,mistral_7b_instruct_q4_k_m,0.64,0.67,0.01,0.0,0.84,0.93,5.45,4.72
7be9fbd1,mistral_7b_sentiment_may_18_2024_1epoch_unsloth.q5_k_m,mistral_7b_instruct_q5_k_m,0.62,0.65,0.01,0.01,0.8,0.9,6.5,5.33
7be9fbd1,mistral_7b_sentiment_may_18_2024_1epoch_unsloth.q8,mistral_7b_instruct_q8_0,0.6,0.59,0.01,0.01,0.79,0.86,6.89,6.32
7be9fbd1,mistral_7b_sentiment_may_18_2024_1epoch_unsloth.f16,llama3_8b_instruct_sentiment_analysis_fp16,0.61,0.51,0.0,0.03,0.81,0.77,11.43,9.4
7be9fbd1,mistral_7b_sentiment_may_18_2024_1epoch_unsloth.q4_k_m,llama3_8b_instruct_sentiment_analysis_q4_k_m,0.64,0.6,0.01,0.0,0.84,0.8,5.45,4.4
7be9fbd1,mistral_7b_sentiment_may_18_2024_1epoch_unsloth.q5_k_m,llama3_8b_instruct_sentiment_analysis_q5_k_m,0.62,0.53,0.01,0.01,0.8,0.78,6.5,5.46
7be9fbd1,mistral_7b_sentiment_may_18_2024_1epoch_unsloth.q8,llama3_8b_instruct_sentiment_analysis_q8_0,0.6,0.52,0.01,0.02,0.79,0.79,6.89,6.41
7fe80a1c,llama3_8b_instruct_fp16,llama3_8b_instruct_sentiment_analysis_fp16,0.71,0.6,0.01,0.0,0.85,0.8,6.5,7.18
7fe80a1c,llama3_8b_instruct_q4_k_m,llama3_8b_instruct_sentiment_analysis_q4_k_m,0.71,0.6,0.02,0.0,0.87,0.8,2.7,2.68
7fe80a1c,llama3_8b_instruct_q5_k_m,llama3_8b_instruct_sentiment_analysis_q5_k_m,0.7,0.6,0.01,0.0,0.86,0.8,3.02,3.55
7fe80a1c,llama3_8b_instruct_q8_0,llama3_8b_instruct_sentiment_analysis_q8_0,0.72,0.61,0.0,0.0,0.85,0.8,3.71,4.04
7fe80a1c,mistral_7b_instruct_fp16,llama3_8b_instruct_fp16,0.49,0.71,0.01,0.01,0.84,0.85,7.98,6.5
7fe80a1c,mistral_7b_instruct_q4_k_m,llama3_8b_instruct_q4_k_m,0.46,0.71,0.07,0.02,0.86,0.87,3.0,2.7
7fe80a1c,mistral_7b_instruct_q5_k_m,llama3_8b_instruct_q5_k_m,0.56,0.7,0.03,0.01,0.86,0.86,4.18,3.02
7fe80a1c,mistral_7b_instruct_q8_0,llama3_8b_instruct_q8_0,0.56,0.72,0.03,0.0,0.88,0.85,4.74,3.71
7fe80a1c,dolphin_mistral_7b_v2.8_fp16,mistral_7b_instruct_fp16,0.68,0.49,0.0,0.01,0.85,0.84,6.55,7.98
7fe80a1c,dolphin_mistral_7b_v2.8_q4_k_m,mistral_7b_instruct_q4_k_m,0.69,0.46,0.0,0.07,0.86,0.86,2.5,3.0
7fe80a1c,dolphin_mistral_7b_v2.8_q5_k_m,mistral_7b_instruct_q5_k_m,0.65,0.56,0.0,0.03,0.81,0.86,3.26,4.18
7fe80a1c,dolphin_mistral_7b_v2.8_q8_0,mistral_7b_instruct_q8_0,0.68,0.56,0.0,0.03,0.85,0.88,3.94,4.74
7fe80a1c,mistral_7b_sentiment_may_18_2024_1epoch_unsloth.f16,mistral_7b_instruct_fp16,0.62,0.49,0.0,0.01,0.82,0.84,7.14,7.98
7fe80a1c,mistral_7b_sentiment_may_18_2024_1epoch_unsloth.q4_k_m,mistral_7b_instruct_q4_k_m,0.58,0.46,0.03,0.07,0.81,0.86,2.95,3.0
7fe80a1c,mistral_7b_sentiment_may_18_2024_1epoch_unsloth.q5_k_m,mistral_7b_instruct_q5_k_m,0.6,0.56,0.02,0.03,0.82,0.86,3.72,4.18
7fe80a1c,mistral_7b_sentiment_may_18_2024_1epoch_unsloth.q8,mistral_7b_instruct_q8_0,0.6,0.56,0.02,0.03,0.82,0.88,4.32,4.74
7fe80a1c,mistral_7b_sentiment_may_18_2024_1epoch_unsloth.f16,llama3_8b_instruct_sentiment_analysis_fp16,0.62,0.6,0.0,0.0,0.82,0.8,7.14,7.18
7fe80a1c,mistral_7b_sentiment_may_18_2024_1epoch_unsloth.q4_k_m,llama3_8b_instruct_sentiment_analysis_q4_k_m,0.58,0.6,0.03,0.0,0.81,0.8,2.95,2.68
7fe80a1c,mistral_7b_sentiment_may_18_2024_1epoch_unsloth.q5_k_m,llama3_8b_instruct_sentiment_analysis_q5_k_m,0.6,0.6,0.02,0.0,0.82,0.8,3.72,3.55
7fe80a1c,mistral_7b_sentiment_may_18_2024_1epoch_unsloth.q8,llama3_8b_instruct_sentiment_analysis_q8_0,0.6,0.61,0.02,0.0,0.82,0.8,4.32,4.04
bcdd3918,llama3_8b_instruct_fp16,llama3_8b_instruct_sentiment_analysis_fp16,0.79,0.13,0.01,0.06,0.88,0.72,5.93,9.46
bcdd3918,llama3_8b_instruct_q4_k_m,llama3_8b_instruct_sentiment_analysis_q4_k_m,0.76,0.04,0.05,0.01,0.92,0.64,2.57,3.44
bcdd3918,llama3_8b_instruct_q5_k_m,llama3_8b_instruct_sentiment_analysis_q5_k_m,0.75,0.06,0.04,0.03,0.89,0.74,3.11,4.34
bcdd3918,llama3_8b_instruct_q8_0,llama3_8b_instruct_sentiment_analysis_q8_0,0.78,0.09,0.01,0.03,0.88,0.72,3.58,5.38
bcdd3918,mistral_7b_instruct_fp16,llama3_8b_instruct_fp16,0.62,0.79,0.02,0.01,0.87,0.88,5.91,5.93
bcdd3918,mistral_7b_instruct_q4_k_m,llama3_8b_instruct_q4_k_m,0.53,0.76,0.02,0.05,0.86,0.92,2.71,2.57
bcdd3918,mistral_7b_instruct_q5_k_m,llama3_8b_instruct_q5_k_m,0.64,0.75,0.02,0.04,0.92,0.89,4.09,3.11
bcdd3918,mistral_7b_instruct_q8_0,llama3_8b_instruct_q8_0,0.58,0.78,0.01,0.01,0.88,0.88,3.89,3.58
bcdd3918,dolphin_mistral_7b_v2.8_fp16,mistral_7b_instruct_fp16,0.59,0.62,0.01,0.02,0.82,0.87,7.6,5.91
bcdd3918,dolphin_mistral_7b_v2.8_q4_k_m,mistral_7b_instruct_q4_k_m,0.56,0.53,0.07,0.02,0.89,0.86,2.79,2.71
bcdd3918,dolphin_mistral_7b_v2.8_q5_k_m,mistral_7b_instruct_q5_k_m,0.54,0.64,0.06,0.02,0.81,0.92,4.09,4.09
bcdd3918,dolphin_mistral_7b_v2.8_q8_0,mistral_7b_instruct_q8_0,0.6,0.58,0.01,0.01,0.82,0.88,4.59,3.89
bcdd3918,mistral_7b_sentiment_may_18_2024_1epoch_unsloth.f16,mistral_7b_instruct_fp16,0.58,0.62,0.0,0.02,0.79,0.87,8.78,5.91
bcdd3918,mistral_7b_sentiment_may_18_2024_1epoch_unsloth.q4_k_m,mistral_7b_instruct_q4_k_m,0.63,0.53,0.01,0.02,0.82,0.86,3.48,2.71
bcdd3918,mistral_7b_sentiment_may_18_2024_1epoch_unsloth.q5_k_m,mistral_7b_instruct_q5_k_m,0.59,0.64,0.0,0.02,0.8,0.92,4.05,4.09
bcdd3918,mistral_7b_sentiment_may_18_2024_1epoch_unsloth.q8,mistral_7b_instruct_q8_0,0.56,0.58,0.03,0.01,0.79,0.88,5.15,3.89
bcdd3918,mistral_7b_sentiment_may_18_2024_1epoch_unsloth.f16,llama3_8b_instruct_sentiment_analysis_fp16,0.58,0.13,0.0,0.06,0.79,0.72,8.78,9.46
bcdd3918,mistral_7b_sentiment_may_18_2024_1epoch_unsloth.q4_k_m,llama3_8b_instruct_sentiment_analysis_q4_k_m,0.63,0.04,0.01,0.01,0.82,0.64,3.48,3.44
bcdd3918,mistral_7b_sentiment_may_18_2024_1epoch_unsloth.q5_k_m,llama3_8b_instruct_sentiment_analysis_q5_k_m,0.59,0.06,0.0,0.03,0.8,0.74,4.05,4.34
bcdd3918,mistral_7b_sentiment_may_18_2024_1epoch_unsloth.q8,llama3_8b_instruct_sentiment_analysis_q8_0,0.56,0.09,0.03,0.03,0.79,0.72,5.15,5.38
302c8a97,llama3_8b_instruct_fp16,llama3_8b_instruct_sentiment_analysis_fp16,-0.64,0.0,0.03,0.0,0.87,0.77,5.29,3.37
302c8a97,llama3_8b_instruct_q4_k_m,llama3_8b_instruct_sentiment_analysis_q4_k_m,-0.58,0.0,0.02,0.0,0.85,0.71,2.36,1.51
302c8a97,llama3_8b_instruct_q5_k_m,llama3_8b_instruct_sentiment_analysis_q5_k_m,-0.6,0.0,0.02,0.0,0.84,0.63,2.69,1.84
302c8a97,llama3_8b_instruct_q8_0,llama3_8b_instruct_sentiment_analysis_q8_0,-0.66,-0.29,0.02,0.2,0.85,0.67,3.15,2.07
302c8a97,mistral_7b_instruct_fp16,llama3_8b_instruct_fp16,0.08,-0.64,0.04,0.03,0.81,0.87,6.51,5.29
302c8a97,mistral_7b_instruct_q4_k_m,llama3_8b_instruct_q4_k_m,0.2,-0.58,0.0,0.02,0.81,0.85,2.78,2.36
302c8a97,mistral_7b_instruct_q5_k_m,llama3_8b_instruct_q5_k_m,0.11,-0.6,0.08,0.02,0.79,0.84,3.49,2.69
302c8a97,mistral_7b_instruct_q8_0,llama3_8b_instruct_q8_0,0.2,-0.66,0.0,0.02,0.79,0.85,3.93,3.15
302c8a97,dolphin_mistral_7b_v2.8_fp16,mistral_7b_instruct_fp16,-0.06,0.08,0.09,0.04,0.8,0.81,5.61,6.51
302c8a97,dolphin_mistral_7b_v2.8_q4_k_m,mistral_7b_instruct_q4_k_m,0.16,0.2,0.0,0.0,0.84,0.81,2.35,2.78
302c8a97,dolphin_mistral_7b_v2.8_q5_k_m,mistral_7b_instruct_q5_k_m,0.04,0.11,0.08,0.08,0.81,0.79,2.9,3.49
302c8a97,dolphin_mistral_7b_v2.8_q8_0,mistral_7b_instruct_q8_0,-0.08,0.2,0.1,0.0,0.81,0.79,3.33,3.93
302c8a97,mistral_7b_sentiment_may_18_2024_1epoch_unsloth.f16,mistral_7b_instruct_fp16,0.0,0.08,0.0,0.04,0.7,0.81,3.23,6.51
302c8a97,mistral_7b_sentiment_may_18_2024_1epoch_unsloth.q4_k_m,mistral_7b_instruct_q4_k_m,0.0,0.2,0.0,0.0,0.7,0.81,1.44,2.78
302c8a97,mistral_7b_sentiment_may_18_2024_1epoch_unsloth.q5_k_m,mistral_7b_instruct_q5_k_m,0.0,0.11,0.0,0.08,0.61,0.79,1.77,3.49
302c8a97,mistral_7b_sentiment_may_18_2024_1epoch_unsloth.q8,mistral_7b_instruct_q8_0,0.0,0.2,0.0,0.0,0.69,0.79,1.98,3.93
302c8a97,mistral_7b_sentiment_may_18_2024_1epoch_unsloth.f16,llama3_8b_instruct_sentiment_analysis_fp16,0.0,0.0,0.0,0.0,0.7,0.77,3.23,3.37
302c8a97,mistral_7b_sentiment_may_18_2024_1epoch_unsloth.q4_k_m,llama3_8b_instruct_sentiment_analysis_q4_k_m,0.0,0.0,0.0,0.0,0.7,0.71,1.44,1.51
302c8a97,mistral_7b_sentiment_may_18_2024_1epoch_unsloth.q5_k_m,llama3_8b_instruct_sentiment_analysis_q5_k_m,0.0,0.0,0.0,0.0,0.61,0.63,1.77,1.84
302c8a97,mistral_7b_sentiment_may_18_2024_1epoch_unsloth.q8,llama3_8b_instruct_sentiment_analysis_q8_0,0.0,-0.29,0.0,0.2,0.69,0.67,1.98,2.07
7be44b2c,llama3_8b_instruct_fp16,llama3_8b_instruct_sentiment_analysis_fp16,0.21,-0.57,0.01,0.24,0.72,0.67,7.69,3.29
7be44b2c,llama3_8b_instruct_q4_k_m,llama3_8b_instruct_sentiment_analysis_q4_k_m,0.38,-0.49,0.01,0.26,0.77,0.71,2.9,1.54
7be44b2c,llama3_8b_instruct_q5_k_m,llama3_8b_instruct_sentiment_analysis_q5_k_m,0.28,-0.31,0.01,0.19,0.73,0.76,3.45,2.05
7be44b2c,llama3_8b_instruct_q8_0,llama3_8b_instruct_sentiment_analysis_q8_0,0.28,-0.3,0.02,0.2,0.73,0.83,4.29,2.18
7be44b2c,mistral_7b_instruct_fp16,llama3_8b_instruct_fp16,0.18,0.21,0.01,0.01,0.8,0.72,6.55,7.69
7be44b2c,mistral_7b_instruct_q4_k_m,llama3_8b_instruct_q4_k_m,0.13,0.38,0.01,0.01,0.88,0.77,3.22,2.9
7be44b2c,mistral_7b_instruct_q5_k_m,llama3_8b_instruct_q5_k_m,0.14,0.28,0.0,0.01,0.82,0.73,3.29,3.45
7be44b2c,mistral_7b_instruct_q8_0,llama3_8b_instruct_q8_0,0.16,0.28,0.0,0.02,0.79,0.73,4.1,4.29
7be44b2c,dolphin_mistral_7b_v2.8_fp16,mistral_7b_instruct_fp16,0.6,0.18,0.01,0.01,0.81,0.8,7.15,6.55
7be44b2c,dolphin_mistral_7b_v2.8_q4_k_m,mistral_7b_instruct_q4_k_m,0.57,0.13,0.02,0.01,0.81,0.88,3.04,3.22
7be44b2c,dolphin_mistral_7b_v2.8_q5_k_m,mistral_7b_instruct_q5_k_m,0.6,0.14,0.01,0.0,0.82,0.82,3.98,3.29
7be44b2c,dolphin_mistral_7b_v2.8_q8_0,mistral_7b_instruct_q8_0,0.55,0.16,0.02,0.0,0.81,0.79,4.49,4.1
7be44b2c,mistral_7b_sentiment_may_18_2024_1epoch_unsloth.f16,mistral_7b_instruct_fp16,0.09,0.18,0.02,0.01,0.63,0.8,7.78,6.55
7be44b2c,mistral_7b_sentiment_may_18_2024_1epoch_unsloth.q4_k_m,mistral_7b_instruct_q4_k_m,0.07,0.13,0.02,0.01,0.63,0.88,3.06,3.22
7be44b2c,mistral_7b_sentiment_may_18_2024_1epoch_unsloth.q5_k_m,mistral_7b_instruct_q5_k_m,0.05,0.14,0.03,0.0,0.61,0.82,3.44,3.29
7be44b2c,mistral_7b_sentiment_may_18_2024_1epoch_unsloth.q8,mistral_7b_instruct_q8_0,0.11,0.16,0.01,0.0,0.61,0.79,4.56,4.1
7be44b2c,mistral_7b_sentiment_may_18_2024_1epoch_unsloth.f16,llama3_8b_instruct_sentiment_analysis_fp16,0.09,-0.57,0.02,0.24,0.63,0.67,7.78,3.29
7be44b2c,mistral_7b_sentiment_may_18_2024_1epoch_unsloth.q4_k_m,llama3_8b_instruct_sentiment_analysis_q4_k_m,0.07,-0.49,0.02,0.26,0.63,0.71,3.06,1.54
7be44b2c,mistral_7b_sentiment_may_18_2024_1epoch_unsloth.q5_k_m,llama3_8b_instruct_sentiment_analysis_q5_k_m,0.05,-0.31,0.03,0.19,0.61,0.76,3.44,2.05
7be44b2c,mistral_7b_sentiment_may_18_2024_1epoch_unsloth.q8,llama3_8b_instruct_sentiment_analysis_q8_0,0.11,-0.3,0.01,0.2,0.61,0.83,4.56,2.18
4cf981ee,llama3_8b_instruct_fp16,llama3_8b_instruct_sentiment_analysis_fp16,-0.03,0.43,0.02,0.08,0.87,0.75,7.29,5.05
4cf981ee,llama3_8b_instruct_q4_k_m,llama3_8b_instruct_sentiment_analysis_q4_k_m,0.01,0.54,0.0,0.01,0.95,0.76,3.22,2.32
4cf981ee,llama3_8b_instruct_q5_k_m,llama3_8b_instruct_sentiment_analysis_q5_k_m,0.01,0.0,0.07,0.0,0.8,0.81,3.86,1.72
4cf981ee,llama3_8b_instruct_q8_0,llama3_8b_instruct_sentiment_analysis_q8_0,0.0,0.43,0.0,0.08,0.87,0.8,4.44,3.06
4cf981ee,mistral_7b_instruct_fp16,llama3_8b_instruct_fp16,0.74,-0.03,0.0,0.02,0.89,0.87,7.12,7.29
4cf981ee,mistral_7b_instruct_q4_k_m,llama3_8b_instruct_q4_k_m,0.51,0.01,0.01,0.0,0.67,0.95,2.85,3.22
4cf981ee,mistral_7b_instruct_q5_k_m,llama3_8b_instruct_q5_k_m,0.7,0.01,0.01,0.07,0.86,0.8,3.59,3.86
4cf981ee,mistral_7b_instruct_q8_0,llama3_8b_instruct_q8_0,0.7,0.0,0.01,0.0,0.88,0.87,4.24,4.44
4cf981ee,dolphin_mistral_7b_v2.8_fp16,mistral_7b_instruct_fp16,0.71,0.74,0.0,0.0,0.86,0.89,6.36,7.12
4cf981ee,dolphin_mistral_7b_v2.8_q4_k_m,mistral_7b_instruct_q4_k_m,0.74,0.51,0.0,0.01,0.89,0.67,2.73,2.85
4cf981ee,dolphin_mistral_7b_v2.8_q5_k_m,mistral_7b_instruct_q5_k_m,0.73,0.7,0.0,0.01,0.87,0.86,3.32,3.59
4cf981ee,dolphin_mistral_7b_v2.8_q8_0,mistral_7b_instruct_q8_0,0.73,0.7,0.0,0.01,0.87,0.88,3.64,4.24
4cf981ee,mistral_7b_sentiment_may_18_2024_1epoch_unsloth.f16,mistral_7b_instruct_fp16,0.57,0.74,0.06,0.0,0.79,0.89,5.49,7.12
4cf981ee,mistral_7b_sentiment_may_18_2024_1epoch_unsloth.q4_k_m,mistral_7b_instruct_q4_k_m,0.66,0.51,0.01,0.01,0.8,0.67,2.55,2.85
4cf981ee,mistral_7b_sentiment_may_18_2024_1epoch_unsloth.q5_k_m,mistral_7b_instruct_q5_k_m,0.7,0.7,0.01,0.01,0.85,0.86,2.99,3.59
4cf981ee,mistral_7b_sentiment_may_18_2024_1epoch_unsloth.q8,mistral_7b_instruct_q8_0,0.62,0.7,0.07,0.01,0.81,0.88,3.52,4.24
4cf981ee,mistral_7b_sentiment_may_18_2024_1epoch_unsloth.f16,llama3_8b_instruct_sentiment_analysis_fp16,0.57,0.43,0.06,0.08,0.79,0.75,5.49,5.05
4cf981ee,mistral_7b_sentiment_may_18_2024_1epoch_unsloth.q4_k_m,llama3_8b_instruct_sentiment_analysis_q4_k_m,0.66,0.54,0.01,0.01,0.8,0.76,2.55,2.32
4cf981ee,mistral_7b_sentiment_may_18_2024_1epoch_unsloth.q5_k_m,llama3_8b_instruct_sentiment_analysis_q5_k_m,0.7,0.0,0.01,0.0,0.85,0.81,2.99,1.72
4cf981ee,mistral_7b_sentiment_may_18_2024_1epoch_unsloth.q8,llama3_8b_instruct_sentiment_analysis_q8_0,0.62,0.43,0.07,0.08,0.81,0.8,3.52,3.06
2e7c99cd,llama3_8b_instruct_fp16,llama3_8b_instruct_sentiment_analysis_fp16,0.8,0.79,0.0,0.0,0.9,0.89,8.4,10.15
2e7c99cd,llama3_8b_instruct_q4_k_m,llama3_8b_instruct_sentiment_analysis_q4_k_m,0.78,0.79,0.0,0.0,0.9,0.89,4.94,5.17
2e7c99cd,llama3_8b_instruct_q5_k_m,llama3_8b_instruct_sentiment_analysis_q5_k_m,0.79,0.8,0.0,0.0,0.89,0.9,5.63,6.0
2e7c99cd,llama3_8b_instruct_q8_0,llama3_8b_instruct_sentiment_analysis_q8_0,0.8,0.76,0.0,0.01,0.9,0.88,5.73,6.56
2e7c99cd,mistral_7b_instruct_fp16,llama3_8b_instruct_fp16,0.61,0.8,0.05,0.0,0.83,0.9,12.33,8.4
2e7c99cd,mistral_7b_instruct_q4_k_m,llama3_8b_instruct_q4_k_m,0.65,0.78,0.02,0.0,0.9,0.9,5.97,4.94
2e7c99cd,mistral_7b_instruct_q5_k_m,llama3_8b_instruct_q5_k_m,0.59,0.79,0.06,0.0,0.82,0.89,7.54,5.63
2e7c99cd,mistral_7b_instruct_q8_0,llama3_8b_instruct_q8_0,0.67,0.8,0.01,0.0,0.86,0.9,7.35,5.73
2e7c99cd,dolphin_mistral_7b_v2.8_fp16,mistral_7b_instruct_fp16,0.76,0.61,0.0,0.05,0.89,0.83,10.54,12.33
2e7c99cd,dolphin_mistral_7b_v2.8_q4_k_m,mistral_7b_instruct_q4_k_m,0.78,0.65,0.0,0.02,0.9,0.9,4.87,5.97
2e7c99cd,dolphin_mistral_7b_v2.8_q5_k_m,mistral_7b_instruct_q5_k_m,0.76,0.59,0.0,0.06,0.87,0.82,6.66,7.54
2e7c99cd,dolphin_mistral_7b_v2.8_q8_0,mistral_7b_instruct_q8_0,0.76,0.67,0.0,0.01,0.89,0.86,6.95,7.35
2e7c99cd,mistral_7b_sentiment_may_18_2024_1epoch_unsloth.f16,mistral_7b_instruct_fp16,0.8,0.61,0.01,0.05,0.89,0.83,10.22,12.33
2e7c99cd,mistral_7b_sentiment_may_18_2024_1epoch_unsloth.q4_k_m,mistral_7b_instruct_q4_k_m,0.85,0.65,0.0,0.02,0.9,0.9,5.29,5.97
2e7c99cd,mistral_7b_sentiment_may_18_2024_1epoch_unsloth.q5_k_m,mistral_7b_instruct_q5_k_m,0.8,0.59,0.01,0.06,0.89,0.82,6.48,7.54
2e7c99cd,mistral_7b_sentiment_may_18_2024_1epoch_unsloth.q8,mistral_7b_instruct_q8_0,0.81,0.67,0.01,0.01,0.89,0.86,7.04,7.35
2e7c99cd,mistral_7b_sentiment_may_18_2024_1epoch_unsloth.f16,llama3_8b_instruct_sentiment_analysis_fp16,0.8,0.79,0.01,0.0,0.89,0.89,10.22,10.15
2e7c99cd,mistral_7b_sentiment_may_18_2024_1epoch_unsloth.q4_k_m,llama3_8b_instruct_sentiment_analysis_q4_k_m,0.85,0.79,0.0,0.0,0.9,0.89,5.29,5.17
2e7c99cd,mistral_7b_sentiment_may_18_2024_1epoch_unsloth.q5_k_m,llama3_8b_instruct_sentiment_analysis_q5_k_m,0.8,0.8,0.01,0.0,0.89,0.9,6.48,6.0
2e7c99cd,mistral_7b_sentiment_may_18_2024_1epoch_unsloth.q8,llama3_8b_instruct_sentiment_analysis_q8_0,0.81,0.76,0.01,0.01,0.89,0.88,7.04,6.56
b2530e0e,llama3_8b_instruct_fp16,llama3_8b_instruct_sentiment_analysis_fp16,0.76,0.8,0.0,0.0,0.87,0.9,11.44,11.95
b2530e0e,llama3_8b_instruct_q4_k_m,llama3_8b_instruct_sentiment_analysis_q4_k_m,0.78,0.8,0.0,0.0,0.9,0.9,5.69,6.1
b2530e0e,llama3_8b_instruct_q5_k_m,llama3_8b_instruct_sentiment_analysis_q5_k_m,0.77,0.8,0.0,0.0,0.87,0.9,7.01,7.41
b2530e0e,llama3_8b_instruct_q8_0,llama3_8b_instruct_sentiment_analysis_q8_0,0.75,0.8,0.0,0.0,0.86,0.9,7.07,7.93
b2530e0e,mistral_7b_instruct_fp16,llama3_8b_instruct_fp16,0.65,0.76,0.02,0.0,0.9,0.87,12.19,11.44
b2530e0e,mistral_7b_instruct_q4_k_m,llama3_8b_instruct_q4_k_m,0.69,0.78,0.01,0.0,0.92,0.9,7.35,5.69
b2530e0e,mistral_7b_instruct_q5_k_m,llama3_8b_instruct_q5_k_m,0.62,0.77,0.04,0.0,0.89,0.87,7.3,7.01
b2530e0e,mistral_7b_instruct_q8_0,llama3_8b_instruct_q8_0,0.7,0.75,0.01,0.0,0.92,0.86,8.87,7.07
b2530e0e,dolphin_mistral_7b_v2.8_fp16,mistral_7b_instruct_fp16,0.81,0.65,0.0,0.02,0.92,0.9,11.99,12.19
b2530e0e,dolphin_mistral_7b_v2.8_q4_k_m,mistral_7b_instruct_q4_k_m,0.81,0.69,0.0,0.01,0.88,0.92,6.57,7.35
b2530e0e,dolphin_mistral_7b_v2.8_q5_k_m,mistral_7b_instruct_q5_k_m,0.8,0.62,0.0,0.04,0.88,0.89,7.91,7.3
b2530e0e,dolphin_mistral_7b_v2.8_q8_0,mistral_7b_instruct_q8_0,0.83,0.7,0.0,0.01,0.9,0.92,8.19,8.87
b2530e0e,mistral_7b_sentiment_may_18_2024_1epoch_unsloth.f16,mistral_7b_instruct_fp16,0.72,0.65,0.01,0.02,0.87,0.9,11.48,12.19
b2530e0e,mistral_7b_sentiment_may_18_2024_1epoch_unsloth.q4_k_m,mistral_7b_instruct_q4_k_m,0.74,0.69,0.01,0.01,0.87,0.92,5.87,7.35
b2530e0e,mistral_7b_sentiment_may_18_2024_1epoch_unsloth.q5_k_m,mistral_7b_instruct_q5_k_m,0.68,0.62,0.0,0.04,0.86,0.89,6.88,7.3
b2530e0e,mistral_7b_sentiment_may_18_2024_1epoch_unsloth.q8,mistral_7b_instruct_q8_0,0.74,0.7,0.01,0.01,0.87,0.92,7.39,8.87
b2530e0e,mistral_7b_sentiment_may_18_2024_1epoch_unsloth.f16,llama3_8b_instruct_sentiment_analysis_fp16,0.72,0.8,0.01,0.0,0.87,0.9,11.48,11.95
b2530e0e,mistral_7b_sentiment_may_18_2024_1epoch_unsloth.q4_k_m,llama3_8b_instruct_sentiment_analysis_q4_k_m,0.74,0.8,0.01,0.0,0.87,0.9,5.87,6.1
b2530e0e,mistral_7b_sentiment_may_18_2024_1epoch_unsloth.q5_k_m,llama3_8b_instruct_sentiment_analysis_q5_k_m,0.68,0.8,0.0,0.0,0.86,0.9,6.88,7.41
b2530e0e,mistral_7b_sentiment_may_18_2024_1epoch_unsloth.q8,llama3_8b_instruct_sentiment_analysis_q8_0,0.74,0.8,0.01,0.0,0.87,0.9,7.39,7.93
3c0b1c59,llama3_8b_instruct_fp16,llama3_8b_instruct_sentiment_analysis_fp16,0.86,0.94,0.0,0.0,0.9,0.97,8.73,6.63
3c0b1c59,llama3_8b_instruct_q4_k_m,llama3_8b_instruct_sentiment_analysis_q4_k_m,0.84,0.94,0.0,0.0,0.92,0.91,4.05,3.29
3c0b1c59,llama3_8b_instruct_q5_k_m,llama3_8b_instruct_sentiment_analysis_q5_k_m,0.85,0.91,0.0,0.0,0.93,0.95,4.32,4.14
3c0b1c59,llama3_8b_instruct_q8_0,llama3_8b_instruct_sentiment_analysis_q8_0,0.89,0.94,0.0,0.0,0.89,0.97,5.26,4.22
3c0b1c59,mistral_7b_instruct_fp16,llama3_8b_instruct_fp16,0.89,0.86,0.0,0.0,0.9,0.9,7.98,8.73
3c0b1c59,mistral_7b_instruct_q4_k_m,llama3_8b_instruct_q4_k_m,0.88,0.84,0.0,0.0,0.92,0.92,4.01,4.05
3c0b1c59,mistral_7b_instruct_q5_k_m,llama3_8b_instruct_q5_k_m,0.89,0.85,0.0,0.0,0.92,0.93,4.31,4.32
3c0b1c59,mistral_7b_instruct_q8_0,llama3_8b_instruct_q8_0,0.87,0.89,0.0,0.0,0.91,0.89,4.98,5.26
3c0b1c59,dolphin_mistral_7b_v2.8_fp16,mistral_7b_instruct_fp16,0.93,0.89,0.0,0.0,0.91,0.9,7.9,7.98
3c0b1c59,dolphin_mistral_7b_v2.8_q4_k_m,mistral_7b_instruct_q4_k_m,0.95,0.88,0.0,0.0,0.89,0.92,3.63,4.01
3c0b1c59,dolphin_mistral_7b_v2.8_q5_k_m,mistral_7b_instruct_q5_k_m,0.92,0.89,0.0,0.0,0.91,0.92,4.66,4.31
3c0b1c59,dolphin_mistral_7b_v2.8_q8_0,mistral_7b_instruct_q8_0,0.94,0.87,0.0,0.0,0.9,0.91,4.89,4.98
3c0b1c59,mistral_7b_sentiment_may_18_2024_1epoch_unsloth.f16,mistral_7b_instruct_fp16,0.85,0.89,0.0,0.0,0.93,0.9,9.06,7.98
3c0b1c59,mistral_7b_sentiment_may_18_2024_1epoch_unsloth.q4_k_m,mistral_7b_instruct_q4_k_m,0.85,0.88,0.0,0.0,0.91,0.92,3.85,4.01
3c0b1c59,mistral_7b_sentiment_may_18_2024_1epoch_unsloth.q5_k_m,mistral_7b_instruct_q5_k_m,0.85,0.89,0.0,0.0,0.92,0.92,5.03,4.31
3c0b1c59,mistral_7b_sentiment_may_18_2024_1epoch_unsloth.q8,mistral_7b_instruct_q8_0,0.85,0.87,0.0,0.0,0.92,0.91,5.74,4.98
3c0b1c59,mistral_7b_sentiment_may_18_2024_1epoch_unsloth.f16,llama3_8b_instruct_sentiment_analysis_fp16,0.85,0.94,0.0,0.0,0.93,0.97,9.06,6.63
3c0b1c59,mistral_7b_sentiment_may_18_2024_1epoch_unsloth.q4_k_m,llama3_8b_instruct_sentiment_analysis_q4_k_m,0.85,0.94,0.0,0.0,0.91,0.91,3.85,3.29
3c0b1c59,mistral_7b_sentiment_may_18_2024_1epoch_unsloth.q5_k_m,llama3_8b_instruct_sentiment_analysis_q5_k_m,0.85,0.91,0.0,0.0,0.92,0.95,5.03,4.14
3c0b1c59,mistral_7b_sentiment_may_18_2024_1epoch_unsloth.q8,llama3_8b_instruct_sentiment_analysis_q8_0,0.85,0.94,0.0,0.0,0.92,0.97,5.74,4.22
74832795,llama3_8b_instruct_fp16,llama3_8b_instruct_sentiment_analysis_fp16,0.65,1.0,0.0,0.0,0.83,0.59,5.56,3.27
74832795,llama3_8b_instruct_q4_k_m,llama3_8b_instruct_sentiment_analysis_q4_k_m,0.62,0.79,0.01,0.01,0.83,0.86,2.09,2.03
74832795,llama3_8b_instruct_q5_k_m,llama3_8b_instruct_sentiment_analysis_q5_k_m,0.72,1.0,0.0,0.0,0.85,0.6,2.82,1.72
74832795,llama3_8b_instruct_q8_0,llama3_8b_instruct_sentiment_analysis_q8_0,0.67,1.0,0.0,0.0,0.83,0.57,3.16,1.99
74832795,mistral_7b_instruct_fp16,llama3_8b_instruct_fp16,0.41,0.65,0.05,0.0,0.92,0.83,6.52,5.56
74832795,mistral_7b_instruct_q4_k_m,llama3_8b_instruct_q4_k_m,0.54,0.62,0.02,0.01,0.91,0.83,2.82,2.09
74832795,mistral_7b_instruct_q5_k_m,llama3_8b_instruct_q5_k_m,0.62,0.72,0.04,0.0,0.93,0.85,3.76,2.82
74832795,mistral_7b_instruct_q8_0,llama3_8b_instruct_q8_0,0.51,0.67,0.05,0.0,0.95,0.83,4.34,3.16
74832795,dolphin_mistral_7b_v2.8_fp16,mistral_7b_instruct_fp16,0.72,0.41,0.0,0.05,0.87,0.92,5.64,6.52
74832795,dolphin_mistral_7b_v2.8_q4_k_m,mistral_7b_instruct_q4_k_m,0.78,0.54,0.0,0.02,0.91,0.91,2.25,2.82
74832795,dolphin_mistral_7b_v2.8_q5_k_m,mistral_7b_instruct_q5_k_m,0.73,0.62,0.0,0.04,0.89,0.93,2.81,3.76
74832795,dolphin_mistral_7b_v2.8_q8_0,mistral_7b_instruct_q8_0,0.7,0.51,0.0,0.05,0.86,0.95,3.31,4.34
74832795,mistral_7b_sentiment_may_18_2024_1epoch_unsloth.f16,mistral_7b_instruct_fp16,1.0,0.41,0.0,0.05,0.53,0.92,3.15,6.52
74832795,mistral_7b_sentiment_may_18_2024_1epoch_unsloth.q4_k_m,mistral_7b_instruct_q4_k_m,1.0,0.54,0.0,0.02,0.53,0.91,1.34,2.82
74832795,mistral_7b_sentiment_may_18_2024_1epoch_unsloth.q5_k_m,mistral_7b_instruct_q5_k_m,1.0,0.62,0.0,0.04,0.54,0.93,1.65,3.76
74832795,mistral_7b_sentiment_may_18_2024_1epoch_unsloth.q8,mistral_7b_instruct_q8_0,1.0,0.51,0.0,0.05,0.49,0.95,1.89,4.34
74832795,mistral_7b_sentiment_may_18_2024_1epoch_unsloth.f16,llama3_8b_instruct_sentiment_analysis_fp16,1.0,1.0,0.0,0.0,0.53,0.59,3.15,3.27
74832795,mistral_7b_sentiment_may_18_2024_1epoch_unsloth.q4_k_m,llama3_8b_instruct_sentiment_analysis_q4_k_m,1.0,0.79,0.0,0.01,0.53,0.86,1.34,2.03
74832795,mistral_7b_sentiment_may_18_2024_1epoch_unsloth.q5_k_m,llama3_8b_instruct_sentiment_analysis_q5_k_m,1.0,1.0,0.0,0.0,0.54,0.6,1.65,1.72
74832795,mistral_7b_sentiment_may_18_2024_1epoch_unsloth.q8,llama3_8b_instruct_sentiment_analysis_q8_0,1.0,1.0,0.0,0.0,0.49,0.57,1.89,1.99
f2dfb8f6,llama3_8b_instruct_fp16,llama3_8b_instruct_sentiment_analysis_fp16,0.59,0.6,0.02,0.01,0.85,0.81,7.93,8.92
f2dfb8f6,llama3_8b_instruct_q4_k_m,llama3_8b_instruct_sentiment_analysis_q4_k_m,0.58,0.59,0.04,0.0,0.85,0.8,3.71,3.97
f2dfb8f6,llama3_8b_instruct_q5_k_m,llama3_8b_instruct_sentiment_analysis_q5_k_m,0.63,0.6,0.0,0.0,0.85,0.8,4.44,5.38
f2dfb8f6,llama3_8b_instruct_q8_0,llama3_8b_instruct_sentiment_analysis_q8_0,0.61,0.61,0.0,0.0,0.84,0.81,5.27,5.69
f2dfb8f6,mistral_7b_instruct_fp16,llama3_8b_instruct_fp16,0.54,0.59,0.01,0.02,0.84,0.85,8.65,7.93
f2dfb8f6,mistral_7b_instruct_q4_k_m,llama3_8b_instruct_q4_k_m,0.59,0.58,0.02,0.04,0.87,0.85,5.08,3.71
f2dfb8f6,mistral_7b_instruct_q5_k_m,llama3_8b_instruct_q5_k_m,0.49,0.63,0.0,0.0,0.81,0.85,4.83,4.44
f2dfb8f6,mistral_7b_instruct_q8_0,llama3_8b_instruct_q8_0,0.5,0.61,0.0,0.0,0.84,0.84,5.68,5.27
f2dfb8f6,dolphin_mistral_7b_v2.8_fp16,mistral_7b_instruct_fp16,0.66,0.54,0.0,0.01,0.83,0.84,11.42,8.65
f2dfb8f6,dolphin_mistral_7b_v2.8_q4_k_m,mistral_7b_instruct_q4_k_m,0.68,0.59,0.0,0.02,0.86,0.87,5.06,5.08
f2dfb8f6,dolphin_mistral_7b_v2.8_q5_k_m,mistral_7b_instruct_q5_k_m,0.65,0.49,0.0,0.0,0.83,0.81,6.67,4.83
f2dfb8f6,dolphin_mistral_7b_v2.8_q8_0,mistral_7b_instruct_q8_0,0.65,0.5,0.0,0.0,0.83,0.84,7.26,5.68
f2dfb8f6,mistral_7b_sentiment_may_18_2024_1epoch_unsloth.f16,mistral_7b_instruct_fp16,0.57,0.54,0.0,0.01,0.77,0.84,8.1,8.65
f2dfb8f6,mistral_7b_sentiment_may_18_2024_1epoch_unsloth.q4_k_m,mistral_7b_instruct_q4_k_m,0.44,0.59,0.06,0.02,0.74,0.87,4.05,5.08
f2dfb8f6,mistral_7b_sentiment_may_18_2024_1epoch_unsloth.q5_k_m,mistral_7b_instruct_q5_k_m,0.57,0.49,0.0,0.0,0.77,0.81,4.48,4.83
f2dfb8f6,mistral_7b_sentiment_may_18_2024_1epoch_unsloth.q8,mistral_7b_instruct_q8_0,0.59,0.5,0.0,0.0,0.79,0.84,5.68,5.68
f2dfb8f6,mistral_7b_sentiment_may_18_2024_1epoch_unsloth.f16,llama3_8b_instruct_sentiment_analysis_fp16,0.57,0.6,0.0,0.01,0.77,0.81,8.1,8.92
f2dfb8f6,mistral_7b_sentiment_may_18_2024_1epoch_unsloth.q4_k_m,llama3_8b_instruct_sentiment_analysis_q4_k_m,0.44,0.59,0.06,0.0,0.74,0.8,4.05,3.97
f2dfb8f6,mistral_7b_sentiment_may_18_2024_1epoch_unsloth.q5_k_m,llama3_8b_instruct_sentiment_analysis_q5_k_m,0.57,0.6,0.0,0.0,0.77,0.8,4.48,5.38
f2dfb8f6,mistral_7b_sentiment_may_18_2024_1epoch_unsloth.q8,llama3_8b_instruct_sentiment_analysis_q8_0,0.59,0.61,0.0,0.0,0.79,0.81,5.68,5.69
9092432e,llama3_8b_instruct_fp16,llama3_8b_instruct_sentiment_analysis_fp16,0.23,0.24,0.03,0.07,0.85,0.71,7.25,7.15
9092432e,llama3_8b_instruct_q4_k_m,llama3_8b_instruct_sentiment_analysis_q4_k_m,0.26,0.16,0.03,0.01,0.81,0.64,3.35,3.6
9092432e,llama3_8b_instruct_q5_k_m,llama3_8b_instruct_sentiment_analysis_q5_k_m,0.1,0.24,0.01,0.06,0.85,0.7,4.05,3.72
9092432e,llama3_8b_instruct_q8_0,llama3_8b_instruct_sentiment_analysis_q8_0,0.15,0.14,0.02,0.01,0.82,0.66,4.65,4.45
9092432e,mistral_7b_instruct_fp16,llama3_8b_instruct_fp16,0.26,0.23,0.06,0.03,0.81,0.85,9.52,7.25
9092432e,mistral_7b_instruct_q4_k_m,llama3_8b_instruct_q4_k_m,0.41,0.26,0.02,0.03,0.81,0.81,3.5,3.35
9092432e,mistral_7b_instruct_q5_k_m,llama3_8b_instruct_q5_k_m,0.23,0.1,0.13,0.01,0.79,0.85,5.99,4.05
9092432e,mistral_7b_instruct_q8_0,llama3_8b_instruct_q8_0,0.34,0.15,0.03,0.02,0.82,0.82,5.66,4.65
9092432e,dolphin_mistral_7b_v2.8_fp16,mistral_7b_instruct_fp16,0.3,0.26,0.09,0.06,0.87,0.81,9.75,9.52
9092432e,dolphin_mistral_7b_v2.8_q4_k_m,mistral_7b_instruct_q4_k_m,0.14,0.41,0.07,0.02,0.96,0.81,4.12,3.5
9092432e,dolphin_mistral_7b_v2.8_q5_k_m,mistral_7b_instruct_q5_k_m,0.19,0.23,0.06,0.13,0.83,0.79,5.32,5.99
9092432e,dolphin_mistral_7b_v2.8_q8_0,mistral_7b_instruct_q8_0,0.34,0.34,0.09,0.03,0.85,0.82,5.96,5.66
9092432e,mistral_7b_sentiment_may_18_2024_1epoch_unsloth.f16,mistral_7b_instruct_fp16,0.36,0.26,0.02,0.06,0.72,0.81,9.16,9.52
9092432e,mistral_7b_sentiment_may_18_2024_1epoch_unsloth.q4_k_m,mistral_7b_instruct_q4_k_m,0.36,0.41,0.02,0.02,0.73,0.81,3.97,3.5
9092432e,mistral_7b_sentiment_may_18_2024_1epoch_unsloth.q5_k_m,mistral_7b_instruct_q5_k_m,0.34,0.23,0.02,0.13,0.71,0.79,4.85,5.99
9092432e,mistral_7b_sentiment_may_18_2024_1epoch_unsloth.q8,mistral_7b_instruct_q8_0,0.31,0.34,0.02,0.03,0.72,0.82,5.61,5.66
9092432e,mistral_7b_sentiment_may_18_2024_1epoch_unsloth.f16,llama3_8b_instruct_sentiment_analysis_fp16,0.36,0.24,0.02,0.07,0.72,0.71,9.16,7.15
9092432e,mistral_7b_sentiment_may_18_2024_1epoch_unsloth.q4_k_m,llama3_8b_instruct_sentiment_analysis_q4_k_m,0.36,0.16,0.02,0.01,0.73,0.64,3.97,3.6
9092432e,mistral_7b_sentiment_may_18_2024_1epoch_unsloth.q5_k_m,llama3_8b_instruct_sentiment_analysis_q5_k_m,0.34,0.24,0.02,0.06,0.71,0.7,4.85,3.72
9092432e,mistral_7b_sentiment_may_18_2024_1epoch_unsloth.q8,llama3_8b_instruct_sentiment_analysis_q8_0,0.31,0.14,0.02,0.01,0.72,0.66,5.61,4.45
8e410aff,llama3_8b_instruct_fp16,llama3_8b_instruct_sentiment_analysis_fp16,0.09,0.11,0.02,0.01,0.82,0.74,9.65,10.56
8e410aff,llama3_8b_instruct_q4_k_m,llama3_8b_instruct_sentiment_analysis_q4_k_m,0.22,0.1,0.02,0.01,0.84,0.71,5.77,5.62
8e410aff,llama3_8b_instruct_q5_k_m,llama3_8b_instruct_sentiment_analysis_q5_k_m,0.16,0.09,0.03,0.01,0.83,0.71,6.63,7.11
8e410aff,llama3_8b_instruct_q8_0,llama3_8b_instruct_sentiment_analysis_q8_0,0.04,0.08,0.0,0.0,0.81,0.69,6.89,7.15
8e410aff,mistral_7b_instruct_fp16,llama3_8b_instruct_fp16,0.49,0.09,0.0,0.02,0.8,0.82,12.81,9.65
8e410aff,mistral_7b_instruct_q4_k_m,llama3_8b_instruct_q4_k_m,0.56,0.22,0.02,0.02,0.82,0.84,6.81,5.77
8e410aff,mistral_7b_instruct_q5_k_m,llama3_8b_instruct_q5_k_m,0.57,0.16,0.01,0.03,0.82,0.83,9.06,6.63
8e410aff,mistral_7b_instruct_q8_0,llama3_8b_instruct_q8_0,0.56,0.04,0.01,0.0,0.81,0.81,10.04,6.89
8e410aff,dolphin_mistral_7b_v2.8_fp16,mistral_7b_instruct_fp16,0.5,0.49,0.04,0.0,0.85,0.8,11.7,12.81
8e410aff,dolphin_mistral_7b_v2.8_q4_k_m,mistral_7b_instruct_q4_k_m,0.55,0.56,0.05,0.02,0.87,0.82,6.41,6.81
8e410aff,dolphin_mistral_7b_v2.8_q5_k_m,mistral_7b_instruct_q5_k_m,0.42,0.57,0.08,0.01,0.84,0.82,7.5,9.06
8e410aff,dolphin_mistral_7b_v2.8_q8_0,mistral_7b_instruct_q8_0,0.48,0.56,0.06,0.01,0.82,0.81,7.54,10.04
8e410aff,mistral_7b_sentiment_may_18_2024_1epoch_unsloth.f16,mistral_7b_instruct_fp16,0.44,0.49,0.05,0.0,0.79,0.8,11.47,12.81
8e410aff,mistral_7b_sentiment_may_18_2024_1epoch_unsloth.q4_k_m,mistral_7b_instruct_q4_k_m,0.49,0.56,0.06,0.02,0.78,0.82,6.56,6.81
8e410aff,mistral_7b_sentiment_may_18_2024_1epoch_unsloth.q5_k_m,mistral_7b_instruct_q5_k_m,0.31,0.57,0.06,0.01,0.73,0.82,7.94,9.06
8e410aff,mistral_7b_sentiment_may_18_2024_1epoch_unsloth.q8,mistral_7b_instruct_q8_0,0.48,0.56,0.05,0.01,0.77,0.81,7.82,10.04
8e410aff,mistral_7b_sentiment_may_18_2024_1epoch_unsloth.f16,llama3_8b_instruct_sentiment_analysis_fp16,0.44,0.11,0.05,0.01,0.79,0.74,11.47,10.56
8e410aff,mistral_7b_sentiment_may_18_2024_1epoch_unsloth.q4_k_m,llama3_8b_instruct_sentiment_analysis_q4_k_m,0.49,0.1,0.06,0.01,0.78,0.71,6.56,5.62
8e410aff,mistral_7b_sentiment_may_18_2024_1epoch_unsloth.q5_k_m,llama3_8b_instruct_sentiment_analysis_q5_k_m,0.31,0.09,0.06,0.01,0.73,0.71,7.94,7.11
8e410aff,mistral_7b_sentiment_may_18_2024_1epoch_unsloth.q8,llama3_8b_instruct_sentiment_analysis_q8_0,0.48,0.08,0.05,0.0,0.77,0.69,7.82,7.15
e4a31911,llama3_8b_instruct_fp16,llama3_8b_instruct_sentiment_analysis_fp16,0.0,0.11,0.0,0.06,1.0,0.72,4.58,8.2
e4a31911,llama3_8b_instruct_q4_k_m,llama3_8b_instruct_sentiment_analysis_q4_k_m,0.0,0.04,0.0,0.0,1.0,0.66,1.93,3.17
e4a31911,llama3_8b_instruct_q5_k_m,llama3_8b_instruct_sentiment_analysis_q5_k_m,0.0,0.23,0.0,0.11,1.0,0.7,2.35,3.95
e4a31911,llama3_8b_instruct_q8_0,llama3_8b_instruct_sentiment_analysis_q8_0,0.02,0.23,0.0,0.12,0.99,0.7,3.05,5.07
e4a31911,mistral_7b_instruct_fp16,llama3_8b_instruct_fp16,0.23,0.0,0.01,0.0,0.82,1.0,6.04,4.58
e4a31911,mistral_7b_instruct_q4_k_m,llama3_8b_instruct_q4_k_m,0.27,0.0,0.02,0.0,0.83,1.0,2.71,1.93
e4a31911,mistral_7b_instruct_q5_k_m,llama3_8b_instruct_q5_k_m,0.24,0.0,0.01,0.0,0.82,1.0,3.08,2.35
e4a31911,mistral_7b_instruct_q8_0,llama3_8b_instruct_q8_0,0.25,0.02,0.01,0.0,0.81,0.99,3.67,3.05
e4a31911,dolphin_mistral_7b_v2.8_fp16,mistral_7b_instruct_fp16,0.27,0.23,0.03,0.01,0.76,0.82,7.08,6.04
e4a31911,dolphin_mistral_7b_v2.8_q4_k_m,mistral_7b_instruct_q4_k_m,0.28,0.27,0.08,0.02,0.82,0.83,2.58,2.71
e4a31911,dolphin_mistral_7b_v2.8_q5_k_m,mistral_7b_instruct_q5_k_m,0.19,0.24,0.05,0.01,0.61,0.82,3.3,3.08
e4a31911,dolphin_mistral_7b_v2.8_q8_0,mistral_7b_instruct_q8_0,0.36,0.25,0.05,0.01,0.77,0.81,4.08,3.67
e4a31911,mistral_7b_sentiment_may_18_2024_1epoch_unsloth.f16,mistral_7b_instruct_fp16,0.62,0.23,0.0,0.01,0.82,0.82,6.92,6.04
e4a31911,mistral_7b_sentiment_may_18_2024_1epoch_unsloth.q4_k_m,mistral_7b_instruct_q4_k_m,0.64,0.27,0.0,0.02,0.84,0.83,2.44,2.71
e4a31911,mistral_7b_sentiment_may_18_2024_1epoch_unsloth.q5_k_m,mistral_7b_instruct_q5_k_m,0.65,0.24,0.0,0.01,0.85,0.82,3.26,3.08
e4a31911,mistral_7b_sentiment_may_18_2024_1epoch_unsloth.q8,mistral_7b_instruct_q8_0,0.62,0.25,0.0,0.01,0.82,0.81,3.82,3.67
e4a31911,mistral_7b_sentiment_may_18_2024_1epoch_unsloth.f16,llama3_8b_instruct_sentiment_analysis_fp16,0.62,0.11,0.0,0.06,0.82,0.72,6.92,8.2
e4a31911,mistral_7b_sentiment_may_18_2024_1epoch_unsloth.q4_k_m,llama3_8b_instruct_sentiment_analysis_q4_k_m,0.64,0.04,0.0,0.0,0.84,0.66,2.44,3.17
e4a31911,mistral_7b_sentiment_may_18_2024_1epoch_unsloth.q5_k_m,llama3_8b_instruct_sentiment_analysis_q5_k_m,0.65,0.23,0.0,0.11,0.85,0.7,3.26,3.95
e4a31911,mistral_7b_sentiment_may_18_2024_1epoch_unsloth.q8,llama3_8b_instruct_sentiment_analysis_q8_0,0.62,0.23,0.0,0.12,0.82,0.7,3.82,5.07
4be7219f,llama3_8b_instruct_fp16,llama3_8b_instruct_sentiment_analysis_fp16,0.81,0.7,0.0,0.04,0.9,0.87,11.07,11.9
4be7219f,llama3_8b_instruct_q4_k_m,llama3_8b_instruct_sentiment_analysis_q4_k_m,0.78,0.76,0.0,0.01,0.91,0.88,7.87,7.17
4be7219f,llama3_8b_instruct_q5_k_m,llama3_8b_instruct_sentiment_analysis_q5_k_m,0.8,0.76,0.0,0.02,0.9,0.89,8.35,8.66
4be7219f,llama3_8b_instruct_q8_0,llama3_8b_instruct_sentiment_analysis_q8_0,0.79,0.63,0.0,0.05,0.89,0.84,7.98,9.23
4be7219f,mistral_7b_instruct_fp16,llama3_8b_instruct_fp16,0.63,0.81,0.01,0.0,0.87,0.9,12.34,11.07
4be7219f,mistral_7b_instruct_q4_k_m,llama3_8b_instruct_q4_k_m,0.63,0.78,0.02,0.0,0.85,0.91,8.42,7.87
4be7219f,mistral_7b_instruct_q5_k_m,llama3_8b_instruct_q5_k_m,0.63,0.8,0.01,0.0,0.86,0.9,9.14,8.35
4be7219f,mistral_7b_instruct_q8_0,llama3_8b_instruct_q8_0,0.68,0.79,0.01,0.0,0.86,0.89,9.04,7.98
4be7219f,dolphin_mistral_7b_v2.8_fp16,mistral_7b_instruct_fp16,0.72,0.63,0.0,0.01,0.9,0.87,13.15,12.34
4be7219f,dolphin_mistral_7b_v2.8_q4_k_m,mistral_7b_instruct_q4_k_m,0.72,0.63,0.0,0.02,0.91,0.85,7.74,8.42
4be7219f,dolphin_mistral_7b_v2.8_q5_k_m,mistral_7b_instruct_q5_k_m,0.71,0.63,0.0,0.01,0.87,0.86,9.64,9.14
4be7219f,dolphin_mistral_7b_v2.8_q8_0,mistral_7b_instruct_q8_0,0.73,0.68,0.0,0.01,0.91,0.86,9.3,9.04
4be7219f,mistral_7b_sentiment_may_18_2024_1epoch_unsloth.f16,mistral_7b_instruct_fp16,0.82,0.63,0.0,0.01,0.89,0.87,12.16,12.34
4be7219f,mistral_7b_sentiment_may_18_2024_1epoch_unsloth.q4_k_m,mistral_7b_instruct_q4_k_m,0.84,0.63,0.0,0.02,0.9,0.85,8.16,8.42
4be7219f,mistral_7b_sentiment_may_18_2024_1epoch_unsloth.q5_k_m,mistral_7b_instruct_q5_k_m,0.85,0.63,0.0,0.01,0.9,0.86,9.22,9.14
4be7219f,mistral_7b_sentiment_may_18_2024_1epoch_unsloth.q8,mistral_7b_instruct_q8_0,0.85,0.68,0.0,0.01,0.9,0.86,8.77,9.04
4be7219f,mistral_7b_sentiment_may_18_2024_1epoch_unsloth.f16,llama3_8b_instruct_sentiment_analysis_fp16,0.82,0.7,0.0,0.04,0.89,0.87,12.16,11.9
4be7219f,mistral_7b_sentiment_may_18_2024_1epoch_unsloth.q4_k_m,llama3_8b_instruct_sentiment_analysis_q4_k_m,0.84,0.76,0.0,0.01,0.9,0.88,8.16,7.17
4be7219f,mistral_7b_sentiment_may_18_2024_1epoch_unsloth.q5_k_m,llama3_8b_instruct_sentiment_analysis_q5_k_m,0.85,0.76,0.0,0.02,0.9,0.89,9.22,8.66
4be7219f,mistral_7b_sentiment_may_18_2024_1epoch_unsloth.q8,llama3_8b_instruct_sentiment_analysis_q8_0,0.85,0.63,0.0,0.05,0.9,0.84,8.77,9.23
fc5bc0ae,llama3_8b_instruct_fp16,llama3_8b_instruct_sentiment_analysis_fp16,0.37,0.56,0.07,0.06,0.84,0.79,7.64,8.42
fc5bc0ae,llama3_8b_instruct_q4_k_m,llama3_8b_instruct_sentiment_analysis_q4_k_m,0.58,0.57,0.06,0.01,0.85,0.8,3.32,3.4
fc5bc0ae,llama3_8b_instruct_q5_k_m,llama3_8b_instruct_sentiment_analysis_q5_k_m,0.47,0.52,0.07,0.02,0.85,0.78,3.93,4.26
fc5bc0ae,llama3_8b_instruct_q8_0,llama3_8b_instruct_sentiment_analysis_q8_0,0.41,0.57,0.07,0.05,0.84,0.8,4.59,4.92
fc5bc0ae,mistral_7b_instruct_fp16,llama3_8b_instruct_fp16,0.69,0.37,0.0,0.07,0.95,0.84,9.26,7.64
fc5bc0ae,mistral_7b_instruct_q4_k_m,llama3_8b_instruct_q4_k_m,0.54,0.58,0.0,0.06,0.86,0.85,5.44,3.32
fc5bc0ae,mistral_7b_instruct_q5_k_m,llama3_8b_instruct_q5_k_m,0.63,0.47,0.01,0.07,0.89,0.85,6.56,3.93
fc5bc0ae,mistral_7b_instruct_q8_0,llama3_8b_instruct_q8_0,0.64,0.41,0.01,0.07,0.86,0.84,6.33,4.59
fc5bc0ae,dolphin_mistral_7b_v2.8_fp16,mistral_7b_instruct_fp16,0.78,0.69,0.0,0.0,0.9,0.95,8.36,9.26
fc5bc0ae,dolphin_mistral_7b_v2.8_q4_k_m,mistral_7b_instruct_q4_k_m,0.77,0.54,0.0,0.0,0.89,0.86,3.58,5.44
fc5bc0ae,dolphin_mistral_7b_v2.8_q5_k_m,mistral_7b_instruct_q5_k_m,0.76,0.63,0.0,0.01,0.86,0.89,4.4,6.56
fc5bc0ae,dolphin_mistral_7b_v2.8_q8_0,mistral_7b_instruct_q8_0,0.78,0.64,0.0,0.01,0.9,0.86,5.07,6.33
fc5bc0ae,mistral_7b_sentiment_may_18_2024_1epoch_unsloth.f16,mistral_7b_instruct_fp16,0.58,0.69,0.01,0.0,0.8,0.95,8.44,9.26
fc5bc0ae,mistral_7b_sentiment_may_18_2024_1epoch_unsloth.q4_k_m,mistral_7b_instruct_q4_k_m,0.51,0.54,0.03,0.0,0.76,0.86,3.26,5.44
fc5bc0ae,mistral_7b_sentiment_may_18_2024_1epoch_unsloth.q5_k_m,mistral_7b_instruct_q5_k_m,0.52,0.63,0.03,0.01,0.78,0.89,4.07,6.56
fc5bc0ae,mistral_7b_sentiment_may_18_2024_1epoch_unsloth.q8,mistral_7b_instruct_q8_0,0.44,0.64,0.03,0.01,0.75,0.86,4.7,6.33
fc5bc0ae,mistral_7b_sentiment_may_18_2024_1epoch_unsloth.f16,llama3_8b_instruct_sentiment_analysis_fp16,0.58,0.56,0.01,0.06,0.8,0.79,8.44,8.42
fc5bc0ae,mistral_7b_sentiment_may_18_2024_1epoch_unsloth.q4_k_m,llama3_8b_instruct_sentiment_analysis_q4_k_m,0.51,0.57,0.03,0.01,0.76,0.8,3.26,3.4
fc5bc0ae,mistral_7b_sentiment_may_18_2024_1epoch_unsloth.q5_k_m,llama3_8b_instruct_sentiment_analysis_q5_k_m,0.52,0.52,0.03,0.02,0.78,0.78,4.07,4.26
fc5bc0ae,mistral_7b_sentiment_may_18_2024_1epoch_unsloth.q8,llama3_8b_instruct_sentiment_analysis_q8_0,0.44,0.57,0.03,0.05,0.75,0.8,4.7,4.92
